inventory_id,warehouse_id,product_id,quantity_on_hand,quantity_reserved,reorder_point,reorder_quantity,last_received_date,last_sold_date
1,1,1,36,4,32,54,2025-12-01,2025-12-25
2,1,2,48,10,32,162,2025-12-01,2025-12-26
3,1,3,488,90,620,846,2025-12-29,2025-12-21
4,1,4,30,3,13,36,2025-12-20,2025-12-21
5,1,5,185,15,96,222,2025-12-20,2025-12-17
6,1,6,184,27,75,174,2025-12-28,2025-12-24
7,1,7,95,19,120,150,2025-12-12,2025-12-21
8,1,8,407,95,156,312,2025-12-22,2025-12-23
9,1,9,16,1,15,30,2025-12-13,2025-12-17
10,1,10,43,9,50,126,2025-12-16,2025-12-25
11,1,11,16,4,11,48,2025-12-16,2025-12-17
12,1,12,93,7,45,54,2025-12-02,2025-12-24
13,1,13,140,25,77,258,2025-12-05,2025-12-27
14,1,14,371,21,286,390,2025-12-08,2025-12-20
15,1,15,49,9,36,138,2025-12-14,2025-12-30
16,1,16,58,13,20,48,2025-12-19,2025-12-27
17,1,17,178,20,173,474,2025-12-21,2025-12-27
18,1,18,303,2,285,450,2025-12-05,2025-12-17
19,1,19,252,52,128,384,2025-12-04,2025-12-18
20,1,20,154,24,232,582,2025-12-04,2025-12-21
21,1,21,319,93,148,318,2025-12-26,2025-12-25
22,1,22,71,11,52,144,2025-12-18,2025-12-28
23,1,23,112,31,42,60,2025-12-14,2025-12-17
24,1,24,146,2,214,402,2025-12-06,2025-12-30
25,1,25,30,2,18,36,2025-12-16,2025-12-24
26,1,26,744,25,334,528,2025-12-05,2025-12-18
27,1,27,87,25,52,156,2025-12-11,2025-12-26
28,1,28,543,152,378,810,2025-12-13,2025-12-26
29,1,29,676,129,389,834,2025-12-01,2025-12-20
30,1,30,37,0,61,132,2025-12-11,2025-12-27
31,1,31,66,4,52,144,2025-12-17,2025-12-21
32,1,32,121,33,223,372,2025-12-05,2025-12-30
33,1,33,121,26,88,156,2025-12-01,2025-12-22
34,1,34,778,180,305,366,2025-12-16,2025-12-23
35,1,35,441,72,330,660,2025-12-18,2025-12-17
36,1,36,17,1,27,162,2025-12-23,2025-12-17
37,1,37,942,63,421,486,2025-12-26,2025-12-23
38,1,38,76,16,34,60,2025-12-28,2025-12-17
39,1,39,71,12,66,90,2025-12-01,2025-12-23
40,1,40,54,6,41,138,2025-12-22,2025-12-21
41,1,41,78,21,54,108,2025-12-30,2025-12-23
42,1,42,469,37,198,270,2025-12-26,2025-12-31
43,1,43,157,8,64,114,2025-12-30,2025-12-29
44,1,44,64,4,67,168,2025-12-15,2025-12-26
45,1,45,120,2,68,120,2025-12-22,2025-12-25
46,1,46,21,5,11,30,2025-12-06,2025-12-24
47,1,47,64,7,41,156,2025-12-26,2025-12-22
48,1,48,920,68,840,1050,2025-12-16,2025-12-20
49,1,49,245,42,92,174,2025-12-14,2025-12-18
50,1,50,86,23,54,90,2025-12-21,2025-12-24
51,1,51,40,5,55,72,2025-12-04,2025-12-18
52,1,52,344,41,170,300,2025-12-07,2025-12-22
53,1,53,155,8,123,168,2025-12-04,2025-12-27
54,1,54,52,11,30,84,2025-12-23,2025-12-17
55,1,55,45,6,16,48,2025-12-05,2025-12-22
56,1,56,181,52,96,360,2025-12-18,2025-12-28
57,1,57,25,2,38,114,2025-12-01,2025-12-19
58,1,58,33,7,44,60,2025-12-11,2025-12-27
59,1,59,1471,101,538,702,2025-12-23,2025-12-26
60,1,60,1838,198,741,1170,2025-12-12,2025-12-29
61,1,61,281,54,129,144,2025-12-15,2025-12-24
62,1,62,219,36,84,126,2025-12-24,2025-12-21
63,1,63,216,13,118,162,2025-12-14,2025-12-30
64,1,64,84,1,63,126,2025-12-30,2025-12-20
65,1,65,683,129,268,474,2025-12-07,2025-12-22
66,1,66,554,9,284,474,2025-12-24,2025-12-30
67,1,67,138,7,102,192,2025-12-13,2025-12-20
68,1,68,840,102,285,342,2025-12-01,2025-12-22
69,1,69,49,12,51,192,2025-12-15,2025-12-27
70,1,70,247,15,125,150,2025-12-24,2025-12-27
71,1,71,223,41,391,534,2025-12-11,2025-12-20
72,1,72,236,33,87,174,2025-12-20,2025-12-17
73,1,73,313,0,216,342,2025-12-15,2025-12-18
74,1,74,905,202,441,882,2025-12-24,2025-12-18
75,1,75,48,3,46,60,2025-12-20,2025-12-20
76,1,76,77,9,34,102,2025-12-22,2025-12-18
77,1,77,145,36,104,174,2025-12-03,2025-12-31
78,1,78,45,6,35,96,2025-12-25,2025-12-17
79,1,79,48,11,32,120,2025-12-15,2025-12-26
80,1,80,532,104,397,702,2025-12-01,2025-12-24
81,1,81,1047,163,384,480,2025-12-19,2025-12-24
82,1,82,251,73,84,120,2025-12-29,2025-12-23
83,1,83,87,11,67,144,2025-12-16,2025-12-28
84,1,84,173,48,95,150,2025-12-19,2025-12-23
85,1,85,104,6,43,54,2025-12-28,2025-12-23
86,1,86,61,11,33,168,2025-12-27,2025-12-31
87,1,87,651,38,328,491,2025-12-17,2025-12-30
88,1,88,117,26,119,156,2025-12-22,2025-12-23
89,1,89,71,7,32,54,2025-12-05,2025-12-26
90,1,90,1701,199,840,1146,2025-12-27,2025-12-25
91,1,91,15,3,23,54,2025-12-19,2025-12-24
92,1,92,149,6,83,156,2025-12-22,2025-12-20
93,1,93,606,53,325,444,2025-12-15,2025-12-20
94,1,94,214,14,91,162,2025-12-14,2025-12-28
95,1,95,406,103,182,342,2025-12-26,2025-12-20
96,1,96,172,9,121,174,2025-12-21,2025-12-17
97,1,97,766,70,264,378,2025-12-16,2025-12-20
98,1,98,39,9,43,48,2025-12-08,2025-12-17
99,1,99,321,90,206,282,2025-12-24,2025-12-26
100,1,100,260,51,108,180,2025-12-10,2025-12-20
101,1,101,248,71,98,245,2025-12-02,2025-12-20
102,1,102,20,5,25,54,2025-12-03,2025-12-29
103,1,103,97,16,60,114,2025-12-05,2025-12-28
104,1,104,27,3,19,42,2025-12-25,2025-12-29
105,1,105,170,45,106,168,2025-12-27,2025-12-28
106,1,106,63,10,118,162,2025-12-11,2025-12-18
107,1,107,55,12,87,174,2025-12-20,2025-12-30
108,1,108,308,20,171,468,2025-12-28,2025-12-17
109,1,109,72,19,58,84,2025-12-10,2025-12-25
110,1,110,653,25,417,1044,2025-12-06,2025-12-17
111,1,111,157,37,72,144,2025-12-06,2025-12-27
112,1,112,232,62,126,180,2025-12-24,2025-12-18
113,1,113,64,12,46,126,2025-12-06,2025-12-30
114,1,114,32,4,35,48,2025-12-19,2025-12-19
115,1,115,88,17,40,102,2025-12-25,2025-12-28
116,1,116,279,23,238,1020,2025-12-07,2025-12-23
117,1,117,1425,157,482,762,2025-12-25,2025-12-17
118,1,118,164,20,140,162,2025-12-24,2025-12-23
119,1,119,978,91,680,1074,2025-12-07,2025-12-23
120,1,120,370,21,124,156,2025-12-27,2025-12-31
121,1,121,18,0,11,42,2025-12-02,2025-12-23
122,1,122,61,1,108,192,2025-12-11,2025-12-23
123,1,123,23,0,26,60,2025-12-15,2025-12-19
124,1,124,367,48,260,372,2025-12-16,2025-12-30
125,1,125,217,1,160,480,2025-12-15,2025-12-30
126,1,126,975,80,600,858,2025-12-17,2025-12-28
127,1,127,63,11,120,150,2025-12-18,2025-12-25
128,1,128,22,5,43,144,2025-12-16,2025-12-21
129,1,129,56,8,45,90,2025-12-29,2025-12-19
130,1,130,105,16,55,72,2025-12-09,2025-12-23
131,1,131,192,23,84,126,2025-12-01,2025-12-23
132,1,132,258,76,229,1146,2025-12-10,2025-12-22
133,1,133,274,15,100,126,2025-12-03,2025-12-21
134,1,134,106,6,87,138,2025-12-05,2025-12-30
135,1,135,95,23,65,78,2025-12-24,2025-12-29
136,1,136,124,8,64,84,2025-12-24,2025-12-31
137,1,137,145,18,51,102,2025-12-20,2025-12-18
138,1,138,1025,160,879,942,2025-12-22,2025-12-20
139,1,139,57,13,63,126,2025-12-30,2025-12-20
140,1,140,265,51,98,156,2025-12-12,2025-12-24
141,1,141,114,20,79,264,2025-12-12,2025-12-24
142,1,142,74,9,75,126,2025-12-27,2025-12-26
143,1,143,174,51,114,180,2025-12-05,2025-12-29
144,1,144,155,19,73,245,2025-12-18,2025-12-22
145,1,145,61,3,28,60,2025-12-26,2025-12-29
146,1,146,345,42,440,528,2025-12-16,2025-12-31
147,1,147,241,60,81,102,2025-12-05,2025-12-18
148,1,148,182,8,61,84,2025-12-26,2025-12-24
149,1,149,314,27,411,882,2025-12-20,2025-12-19
150,1,150,83,10,30,66,2025-12-21,2025-12-30
151,1,151,428,62,278,642,2025-12-13,2025-12-26
152,1,152,193,52,76,120,2025-12-28,2025-12-25
153,1,153,17,4,10,36,2025-12-21,2025-12-19
154,1,154,580,89,323,462,2025-12-29,2025-12-29
155,1,155,624,133,276,690,2025-12-05,2025-12-19
156,1,156,965,219,349,582,2025-12-03,2025-12-28
157,1,157,284,37,182,210,2025-12-28,2025-12-28
158,1,158,100,10,41,54,2025-12-20,2025-12-24
159,1,159,238,38,110,144,2025-12-04,2025-12-18
160,1,160,1159,305,782,978,2025-12-01,2025-12-17
161,1,161,197,39,78,156,2025-12-25,2025-12-18
162,1,162,46,4,80,120,2025-12-21,2025-12-30
163,1,163,253,2,110,132,2025-12-22,2025-12-23
164,1,164,325,74,117,168,2025-12-03,2025-12-18
165,1,165,106,26,133,174,2025-12-11,2025-12-19
166,1,166,461,69,375,450,2025-12-01,2025-12-31
167,1,167,769,201,347,372,2025-12-02,2025-12-25
168,1,168,1556,390,529,882,2025-12-12,2025-12-27
169,1,169,102,3,45,114,2025-12-04,2025-12-23
170,1,170,91,5,33,168,2025-12-22,2025-12-22
171,1,171,180,6,106,245,2025-12-28,2025-12-28
172,1,172,156,29,120,240,2025-12-27,2025-12-29
173,1,173,32,4,19,66,2025-12-09,2025-12-26
174,1,174,95,28,115,204,2025-12-10,2025-12-26
175,1,175,1308,251,502,558,2025-12-27,2025-12-20
176,1,176,277,7,105,150,2025-12-02,2025-12-18
177,1,177,130,36,105,132,2025-12-19,2025-12-25
178,1,178,771,8,281,528,2025-12-23,2025-12-28
179,1,179,70,18,52,156,2025-12-29,2025-12-31
180,1,180,144,20,75,108,2025-12-12,2025-12-20
181,1,181,268,54,189,378,2025-12-26,2025-12-21
182,1,182,206,22,156,336,2025-12-27,2025-12-28
183,1,183,88,11,122,245,2025-12-28,2025-12-26
184,1,184,153,18,141,282,2025-12-26,2025-12-27
185,1,185,46,10,20,48,2025-12-10,2025-12-24
186,1,186,249,56,267,1146,2025-12-01,2025-12-23
187,1,187,40,9,27,102,2025-12-03,2025-12-27
188,1,188,476,96,184,396,2025-12-23,2025-12-18
189,1,189,512,22,201,432,2025-12-16,2025-12-21
190,1,190,213,46,73,138,2025-12-20,2025-12-27
191,1,191,249,30,124,162,2025-12-10,2025-12-17
192,1,192,95,10,126,180,2025-12-12,2025-12-21
193,1,193,75,18,102,180,2025-12-28,2025-12-20
194,1,194,210,20,150,180,2025-12-13,2025-12-31
195,1,195,565,156,193,342,2025-12-29,2025-12-30
196,1,196,336,64,138,198,2025-12-17,2025-12-19
197,1,197,239,44,119,156,2025-12-13,2025-12-21
198,1,198,298,22,119,156,2025-12-15,2025-12-27
199,1,199,226,62,252,420,2025-12-17,2025-12-25
200,1,200,95,25,82,138,2025-12-21,2025-12-31
201,2,1,61,16,32,54,2025-12-10,2025-12-27
202,2,2,62,11,32,162,2025-12-18,2025-12-29
203,2,3,1847,513,620,846,2025-12-08,2025-12-25
204,2,4,13,1,13,36,2025-12-11,2025-12-31
205,2,5,96,24,96,222,2025-12-19,2025-12-28
206,2,6,58,2,75,174,2025-12-26,2025-12-25
207,2,7,332,67,120,150,2025-12-11,2025-12-26
208,2,8,414,116,156,312,2025-12-01,2025-12-27
209,2,9,29,5,15,30,2025-12-24,2025-12-23
210,2,10,132,38,50,126,2025-12-30,2025-12-23
211,2,11,30,6,11,48,2025-12-17,2025-12-20
212,2,12,26,3,45,54,2025-12-05,2025-12-26
213,2,13,102,2,77,258,2025-12-12,2025-12-25
214,2,14,662,162,286,390,2025-12-05,2025-12-18
215,2,15,40,11,36,138,2025-12-27,2025-12-20
216,2,16,56,12,20,48,2025-12-20,2025-12-22
217,2,17,236,48,173,474,2025-12-17,2025-12-31
218,2,18,685,58,285,450,2025-12-08,2025-12-23
219,2,19,380,42,128,384,2025-12-07,2025-12-19
220,2,20,130,15,232,582,2025-12-25,2025-12-22
221,2,21,210,56,148,318,2025-12-25,2025-12-28
222,2,22,133,13,52,144,2025-12-12,2025-12-29
223,2,23,124,25,42,60,2025-12-08,2025-12-28
224,2,24,416,1,214,402,2025-12-25,2025-12-20
225,2,25,34,1,18,36,2025-12-18,2025-12-19
226,2,26,276,70,334,528,2025-12-14,2025-12-18
227,2,27,70,19,52,156,2025-12-30,2025-12-21
228,2,28,559,126,378,810,2025-12-04,2025-12-27
229,2,29,1075,250,389,834,2025-12-01,2025-12-20
230,2,30,126,16,61,132,2025-12-18,2025-12-18
231,2,31,149,22,52,144,2025-12-02,2025-12-26
232,2,32,185,7,223,372,2025-12-30,2025-12-24
233,2,33,113,31,88,156,2025-12-28,2025-12-24
234,2,34,176,22,305,366,2025-12-09,2025-12-26
235,2,35,380,32,330,660,2025-12-21,2025-12-20
236,2,36,33,9,27,162,2025-12-29,2025-12-24
237,2,37,828,158,421,486,2025-12-30,2025-12-30
238,2,38,33,0,34,60,2025-12-19,2025-12-18
239,2,39,66,10,66,90,2025-12-14,2025-12-20
240,2,40,113,21,41,138,2025-12-17,2025-12-22
241,2,41,56,13,54,108,2025-12-18,2025-12-22
242,2,42,152,39,198,270,2025-12-17,2025-12-18
243,2,43,122,31,64,114,2025-12-19,2025-12-24
244,2,44,165,20,67,168,2025-12-02,2025-12-31
245,2,45,186,53,68,120,2025-12-29,2025-12-22
246,2,46,6,1,11,30,2025-12-28,2025-12-24
247,2,47,103,22,41,156,2025-12-07,2025-12-22
248,2,48,908,49,840,1050,2025-12-29,2025-12-21
249,2,49,149,30,92,174,2025-12-14,2025-12-25
250,2,50,130,31,54,90,2025-12-05,2025-12-21
251,2,51,37,3,55,72,2025-12-09,2025-12-26
252,2,52,509,148,170,300,2025-12-25,2025-12-27
253,2,53,187,24,123,168,2025-12-14,2025-12-25
254,2,54,39,0,30,84,2025-12-20,2025-12-18
255,2,55,47,5,16,48,2025-12-06,2025-12-24
256,2,56,238,62,96,360,2025-12-24,2025-12-25
257,2,57,105,12,38,114,2025-12-22,2025-12-27
258,2,58,91,9,44,60,2025-12-16,2025-12-28
259,2,59,894,3,538,702,2025-12-02,2025-12-26
260,2,60,830,205,741,1170,2025-12-06,2025-12-20
261,2,61,86,19,129,144,2025-12-25,2025-12-26
262,2,62,115,29,84,126,2025-12-24,2025-12-28
263,2,63,290,39,118,162,2025-12-05,2025-12-21
264,2,64,66,11,63,126,2025-12-04,2025-12-21
265,2,65,765,187,268,474,2025-12-24,2025-12-29
266,2,66,151,43,284,474,2025-12-16,2025-12-19
267,2,67,113,27,102,192,2025-12-14,2025-12-23
268,2,68,540,132,285,342,2025-12-17,2025-12-25
269,2,69,59,2,51,192,2025-12-11,2025-12-19
270,2,70,83,3,125,150,2025-12-21,2025-12-20
271,2,71,620,135,391,534,2025-12-09,2025-12-31
272,2,72,176,33,87,174,2025-12-28,2025-12-20
273,2,73,224,41,216,342,2025-12-14,2025-12-27
274,2,74,221,37,441,882,2025-12-15,2025-12-22
275,2,75,68,6,46,60,2025-12-21,2025-12-20
276,2,76,46,5,34,102,2025-12-21,2025-12-19
277,2,77,207,1,104,174,2025-12-01,2025-12-19
278,2,78,83,21,35,96,2025-12-30,2025-12-26
279,2,79,33,9,32,120,2025-12-13,2025-12-17
280,2,80,718,21,397,702,2025-12-11,2025-12-20
281,2,81,223,20,384,480,2025-12-10,2025-12-28
282,2,82,111,30,84,120,2025-12-14,2025-12-30
283,2,83,124,17,67,144,2025-12-28,2025-12-17
284,2,84,166,8,95,150,2025-12-22,2025-12-27
285,2,85,91,3,43,54,2025-12-01,2025-12-24
286,2,86,50,13,33,168,2025-12-15,2025-12-27
287,2,87,715,189,328,491,2025-12-03,2025-12-23
288,2,88,97,0,119,156,2025-12-01,2025-12-24
289,2,89,69,13,32,54,2025-12-26,2025-12-19
290,2,90,1192,48,840,1146,2025-12-23,2025-12-24
291,2,91,55,6,23,54,2025-12-18,2025-12-19
292,2,92,208,53,83,156,2025-12-01,2025-12-26
293,2,93,214,16,325,444,2025-12-25,2025-12-31
294,2,94,121,16,91,162,2025-12-10,2025-12-26
295,2,95,348,1,182,342,2025-12-08,2025-12-31
296,2,96,303,48,121,174,2025-12-17,2025-12-18
297,2,97,542,92,264,378,2025-12-24,2025-12-28
298,2,98,50,5,43,48,2025-12-16,2025-12-31
299,2,99,263,24,206,282,2025-12-23,2025-12-21
300,2,100,293,16,108,180,2025-12-12,2025-12-19
301,2,101,200,46,98,245,2025-12-13,2025-12-20
302,2,102,35,6,25,54,2025-12-08,2025-12-23
303,2,103,151,32,60,114,2025-12-30,2025-12-23
304,2,104,56,5,19,42,2025-12-07,2025-12-18
305,2,105,216,41,106,168,2025-12-27,2025-12-17
306,2,106,118,15,118,162,2025-12-27,2025-12-23
307,2,107,251,14,87,174,2025-12-07,2025-12-20
308,2,108,217,0,171,468,2025-12-11,2025-12-22
309,2,109,45,9,58,84,2025-12-27,2025-12-31
310,2,110,736,16,417,1044,2025-12-04,2025-12-20
311,2,111,119,3,72,144,2025-12-28,2025-12-30
312,2,112,259,1,126,180,2025-12-18,2025-12-28
313,2,113,85,21,46,126,2025-12-07,2025-12-25
314,2,114,58,11,35,48,2025-12-17,2025-12-21
315,2,115,46,12,40,102,2025-12-23,2025-12-23
316,2,116,504,19,238,1020,2025-12-22,2025-12-25
317,2,117,499,17,482,762,2025-12-23,2025-12-17
318,2,118,276,25,140,162,2025-12-15,2025-12-25
319,2,119,1804,261,680,1074,2025-12-02,2025-12-20
320,2,120,224,9,124,156,2025-12-22,2025-12-27
321,2,121,27,2,11,42,2025-12-23,2025-12-29
322,2,122,69,10,108,192,2025-12-26,2025-12-30
323,2,123,62,1,26,60,2025-12-29,2025-12-26
324,2,124,150,0,260,372,2025-12-04,2025-12-30
325,2,125,233,7,160,480,2025-12-20,2025-12-19
326,2,126,1439,180,600,858,2025-12-27,2025-12-31
327,2,127,89,18,120,150,2025-12-10,2025-12-24
328,2,128,101,27,43,144,2025-12-02,2025-12-24
329,2,129,39,8,45,90,2025-12-30,2025-12-24
330,2,130,45,0,55,72,2025-12-06,2025-12-29
331,2,131,51,0,84,126,2025-12-26,2025-12-31
332,2,132,392,69,229,1146,2025-12-25,2025-12-21
333,2,133,205,34,100,126,2025-12-26,2025-12-31
334,2,134,134,16,87,138,2025-12-21,2025-12-22
335,2,135,158,9,65,78,2025-12-07,2025-12-24
336,2,136,47,9,64,84,2025-12-22,2025-12-31
337,2,137,139,29,51,102,2025-12-14,2025-12-21
338,2,138,2349,255,879,942,2025-12-26,2025-12-29
339,2,139,73,6,63,126,2025-12-22,2025-12-21
340,2,140,156,25,98,156,2025-12-23,2025-12-25
341,2,141,234,14,79,264,2025-12-11,2025-12-20
342,2,142,147,42,75,126,2025-12-20,2025-12-27
343,2,143,247,59,114,180,2025-12-09,2025-12-26
344,2,144,70,6,73,245,2025-12-01,2025-12-19
345,2,145,83,14,28,60,2025-12-24,2025-12-26
346,2,146,520,126,440,528,2025-12-28,2025-12-27
347,2,147,179,47,81,102,2025-12-22,2025-12-20
348,2,148,151,8,61,84,2025-12-19,2025-12-21
349,2,149,1142,103,411,882,2025-12-17,2025-12-22
350,2,150,57,15,30,66,2025-12-23,2025-12-18
351,2,151,562,43,278,642,2025-12-08,2025-12-17
352,2,152,176,24,76,120,2025-12-12,2025-12-23
353,2,153,11,0,10,36,2025-12-05,2025-12-22
354,2,154,593,46,323,462,2025-12-24,2025-12-27
355,2,155,816,51,276,690,2025-12-21,2025-12-19
356,2,156,458,61,349,582,2025-12-05,2025-12-17
357,2,157,340,64,182,210,2025-12-21,2025-12-25
358,2,158,57,5,41,54,2025-12-28,2025-12-25
359,2,159,185,4,110,144,2025-12-25,2025-12-28
360,2,160,1890,486,782,978,2025-12-10,2025-12-27
361,2,161,196,31,78,156,2025-12-09,2025-12-27
362,2,162,226,64,80,120,2025-12-20,2025-12-23
363,2,163,146,20,110,132,2025-12-30,2025-12-19
364,2,164,220,45,117,168,2025-12-02,2025-12-22
365,2,165,188,21,133,174,2025-12-01,2025-12-20
366,2,166,569,112,375,450,2025-12-16,2025-12-22
367,2,167,919,33,347,372,2025-12-16,2025-12-19
368,2,168,712,2,529,882,2025-12-11,2025-12-30
369,2,169,72,7,45,114,2025-12-08,2025-12-21
370,2,170,27,5,33,168,2025-12-03,2025-12-21
371,2,171,118,34,106,245,2025-12-19,2025-12-31
372,2,172,226,23,120,240,2025-12-20,2025-12-24
373,2,173,54,14,19,66,2025-12-30,2025-12-18
374,2,174,87,11,115,204,2025-12-05,2025-12-31
375,2,175,805,143,502,558,2025-12-14,2025-12-23
376,2,176,311,76,105,150,2025-12-02,2025-12-18
377,2,177,227,27,105,132,2025-12-03,2025-12-21
378,2,178,267,72,281,528,2025-12-04,2025-12-22
379,2,179,151,28,52,156,2025-12-22,2025-12-18
380,2,180,210,57,75,108,2025-12-07,2025-12-25
381,2,181,108,24,189,378,2025-12-01,2025-12-22
382,2,182,152,43,156,336,2025-12-29,2025-12-30
383,2,183,71,0,122,245,2025-12-16,2025-12-21
384,2,184,139,23,141,282,2025-12-29,2025-12-21
385,2,185,20,2,20,48,2025-12-05,2025-12-20
386,2,186,246,56,267,1146,2025-12-17,2025-12-19
387,2,187,49,4,27,102,2025-12-25,2025-12-27
388,2,188,304,90,184,396,2025-12-10,2025-12-21
389,2,189,292,40,201,432,2025-12-22,2025-12-25
390,2,190,212,6,73,138,2025-12-26,2025-12-17
391,2,191,299,49,124,162,2025-12-05,2025-12-18
392,2,192,197,45,126,180,2025-12-25,2025-12-22
393,2,193,110,8,102,180,2025-12-29,2025-12-25
394,2,194,172,49,150,180,2025-12-21,2025-12-27
395,2,195,555,128,193,342,2025-12-30,2025-12-24
396,2,196,388,58,138,198,2025-12-06,2025-12-22
397,2,197,171,31,119,156,2025-12-10,2025-12-26
398,2,198,249,29,119,156,2025-12-05,2025-12-24
399,2,199,128,9,252,420,2025-12-12,2025-12-25
400,2,200,43,3,82,138,2025-12-04,2025-12-22
401,3,1,35,2,32,54,2025-12-05,2025-12-18
402,3,2,86,17,32,162,2025-12-17,2025-12-17
403,3,3,1027,220,620,846,2025-12-04,2025-12-19
404,3,4,32,4,13,36,2025-12-22,2025-12-21
405,3,5,178,24,96,222,2025-12-04,2025-12-20
406,3,6,117,28,75,174,2025-12-11,2025-12-22
407,3,7,203,7,120,150,2025-12-03,2025-12-29
408,3,8,406,112,156,312,2025-12-29,2025-12-20
409,3,9,34,6,15,30,2025-12-04,2025-12-31
410,3,10,74,17,50,126,2025-12-26,2025-12-30
411,3,11,9,1,11,48,2025-12-14,2025-12-27
412,3,12,80,21,45,54,2025-12-10,2025-12-21
413,3,13,166,35,77,258,2025-12-23,2025-12-22
414,3,14,634,114,286,390,2025-12-25,2025-12-25
415,3,15,79,0,36,138,2025-12-05,2025-12-31
416,3,16,30,0,20,48,2025-12-02,2025-12-22
417,3,17,262,53,173,474,2025-12-12,2025-12-19
418,3,18,849,56,285,450,2025-12-13,2025-12-18
419,3,19,177,42,128,384,2025-12-02,2025-12-29
420,3,20,518,26,232,582,2025-12-13,2025-12-25
421,3,21,215,55,148,318,2025-12-02,2025-12-26
422,3,22,114,20,52,144,2025-12-15,2025-12-19
423,3,23,118,13,42,60,2025-12-21,2025-12-18
424,3,24,214,57,214,402,2025-12-27,2025-12-23
425,3,25,12,0,18,36,2025-12-30,2025-12-19
426,3,26,484,5,334,528,2025-12-23,2025-12-31
427,3,27,73,15,52,156,2025-12-27,2025-12-25
428,3,28,194,3,378,810,2025-12-21,2025-12-31
429,3,29,821,217,389,834,2025-12-18,2025-12-30
430,3,30,54,14,61,132,2025-12-27,2025-12-20
431,3,31,125,31,52,144,2025-12-27,2025-12-25
432,3,32,376,97,223,372,2025-12-04,2025-12-21
433,3,33,233,53,88,156,2025-12-13,2025-12-28
434,3,34,554,120,305,366,2025-12-30,2025-12-18
435,3,35,263,75,330,660,2025-12-24,2025-12-31
436,3,36,50,1,27,162,2025-12-11,2025-12-29
437,3,37,1154,165,421,486,2025-12-04,2025-12-24
438,3,38,19,0,34,60,2025-12-04,2025-12-20
439,3,39,128,16,66,90,2025-12-24,2025-12-19
440,3,40,91,13,41,138,2025-12-30,2025-12-17
441,3,41,156,14,54,108,2025-12-20,2025-12-18
442,3,42,277,10,198,270,2025-12-24,2025-12-26
443,3,43,128,23,64,114,2025-12-20,2025-12-22
444,3,44,191,12,67,168,2025-12-24,2025-12-25
445,3,45,156,40,68,120,2025-12-09,2025-12-18
446,3,46,26,4,11,30,2025-12-26,2025-12-30
447,3,47,88,10,41,156,2025-12-18,2025-12-20
448,3,48,2284,388,840,1050,2025-12-10,2025-12-28
449,3,49,53,1,92,174,2025-12-29,2025-12-29
450,3,50,37,5,54,90,2025-12-19,2025-12-26
451,3,51,99,1,55,72,2025-12-19,2025-12-20
452,3,52,464,133,170,300,2025-12-14,2025-12-27
453,3,53,367,41,123,168,2025-12-10,2025-12-24
454,3,54,89,19,30,84,2025-12-24,2025-12-17
455,3,55,24,6,16,48,2025-12-29,2025-12-27
456,3,56,147,0,96,360,2025-12-24,2025-12-20
457,3,57,24,1,38,114,2025-12-03,2025-12-21
458,3,58,125,4,44,60,2025-12-16,2025-12-26
459,3,59,1427,207,538,702,2025-12-10,2025-12-21
460,3,60,706,17,741,1170,2025-12-03,2025-12-19
461,3,61,324,82,129,144,2025-12-11,2025-12-22
462,3,62,76,21,84,126,2025-12-06,2025-12-24
463,3,63,74,20,118,162,2025-12-23,2025-12-22
464,3,64,172,28,63,126,2025-12-09,2025-12-23
465,3,65,444,100,268,474,2025-12-09,2025-12-19
466,3,66,641,142,284,474,2025-12-17,2025-12-28
467,3,67,84,13,102,192,2025-12-06,2025-12-18
468,3,68,672,115,285,342,2025-12-04,2025-12-31
469,3,69,42,11,51,192,2025-12-09,2025-12-29
470,3,70,129,4,125,150,2025-12-13,2025-12-19
471,3,71,603,137,391,534,2025-12-16,2025-12-22
472,3,72,72,4,87,174,2025-12-17,2025-12-31
473,3,73,455,101,216,342,2025-12-20,2025-12-17
474,3,74,498,1,441,882,2025-12-18,2025-12-31
475,3,75,50,12,46,60,2025-12-20,2025-12-29
476,3,76,57,15,34,102,2025-12-30,2025-12-28
477,3,77,71,5,104,174,2025-12-05,2025-12-24
478,3,78,40,0,35,96,2025-12-26,2025-12-25
479,3,79,46,1,32,120,2025-12-22,2025-12-27
480,3,80,327,79,397,702,2025-12-17,2025-12-26
481,3,81,410,44,384,480,2025-12-29,2025-12-25
482,3,82,193,47,84,120,2025-12-15,2025-12-22
483,3,83,175,36,67,144,2025-12-23,2025-12-30
484,3,84,71,20,95,150,2025-12-16,2025-12-24
485,3,85,117,28,43,54,2025-12-15,2025-12-25
486,3,86,25,4,33,168,2025-12-11,2025-12-26
487,3,87,553,162,328,491,2025-12-22,2025-12-20
488,3,88,179,38,119,156,2025-12-01,2025-12-24
489,3,89,75,7,32,54,2025-12-02,2025-12-17
490,3,90,2461,645,840,1146,2025-12-19,2025-12-29
491,3,91,19,4,23,54,2025-12-28,2025-12-31
492,3,92,86,19,83,156,2025-12-16,2025-12-21
493,3,93,575,169,325,444,2025-12-15,2025-12-30
494,3,94,126,9,91,162,2025-12-06,2025-12-24
495,3,95,424,120,182,342,2025-12-18,2025-12-20
496,3,96,307,34,121,174,2025-12-24,2025-12-21
497,3,97,709,90,264,378,2025-12-23,2025-12-17
498,3,98,22,3,43,48,2025-12-28,2025-12-26
499,3,99,261,22,206,282,2025-12-04,2025-12-17
500,3,100,129,12,108,180,2025-12-22,2025-12-17
501,3,101,235,14,98,245,2025-12-28,2025-12-17
502,3,102,45,3,25,54,2025-12-10,2025-12-22
503,3,103,102,16,60,114,2025-12-24,2025-12-23
504,3,104,20,4,19,42,2025-12-12,2025-12-21
505,3,105,83,14,106,168,2025-12-16,2025-12-22
506,3,106,276,47,118,162,2025-12-08,2025-12-20
507,3,107,180,23,87,174,2025-12-12,2025-12-31
508,3,108,143,25,171,468,2025-12-27,2025-12-30
509,3,109,97,28,58,84,2025-12-26,2025-12-26
510,3,110,969,115,417,1044,2025-12-02,2025-12-22
511,3,111,81,12,72,144,2025-12-26,2025-12-28
512,3,112,112,13,126,180,2025-12-19,2025-12-24
513,3,113,68,18,46,126,2025-12-13,2025-12-28
514,3,114,94,26,35,48,2025-12-18,2025-12-23
515,3,115,78,15,40,102,2025-12-28,2025-12-24
516,3,116,200,16,238,1020,2025-12-27,2025-12-30
517,3,117,396,28,482,762,2025-12-18,2025-12-25
518,3,118,110,29,140,162,2025-12-12,2025-12-17
519,3,119,1045,219,680,1074,2025-12-07,2025-12-21
520,3,120,312,60,124,156,2025-12-09,2025-12-19
521,3,121,15,2,11,42,2025-12-21,2025-12-23
522,3,122,181,52,108,192,2025-12-18,2025-12-17
523,3,123,14,2,26,60,2025-12-07,2025-12-17
524,3,124,230,2,260,372,2025-12-09,2025-12-29
525,3,125,334,90,160,480,2025-12-18,2025-12-31
526,3,126,1021,300,600,858,2025-12-12,2025-12-22
527,3,127,212,5,120,150,2025-12-03,2025-12-21
528,3,128,38,3,43,144,2025-12-19,2025-12-25
529,3,129,69,5,45,90,2025-12-16,2025-12-30
530,3,130,126,9,55,72,2025-12-03,2025-12-20
531,3,131,232,57,84,126,2025-12-30,2025-12-30
532,3,132,452,88,229,1146,2025-12-03,2025-12-31
533,3,133,287,55,100,126,2025-12-26,2025-12-28
534,3,134,204,51,87,138,2025-12-11,2025-12-31
535,3,135,92,3,65,78,2025-12-16,2025-12-31
536,3,136,188,11,64,84,2025-12-24,2025-12-25
537,3,137,107,3,51,102,2025-12-18,2025-12-18
538,3,138,1860,336,879,942,2025-12-06,2025-12-24
539,3,139,66,5,63,126,2025-12-08,2025-12-24
540,3,140,206,2,98,156,2025-12-18,2025-12-29
541,3,141,220,20,79,264,2025-12-22,2025-12-21
542,3,142,51,9,75,126,2025-12-23,2025-12-24
543,3,143,200,27,114,180,2025-12-08,2025-12-19
544,3,144,143,22,73,245,2025-12-20,2025-12-18
545,3,145,67,3,28,60,2025-12-20,2025-12-21
546,3,146,982,103,440,528,2025-12-29,2025-12-31
547,3,147,89,21,81,102,2025-12-14,2025-12-19
548,3,148,140,14,61,84,2025-12-12,2025-12-30
549,3,149,614,1,411,882,2025-12-08,2025-12-18
550,3,150,22,3,30,66,2025-12-23,2025-12-22
551,3,151,473,57,278,642,2025-12-14,2025-12-29
552,3,152,106,5,76,120,2025-12-03,2025-12-18
553,3,153,25,2,10,36,2025-12-18,2025-12-19
554,3,154,767,32,323,462,2025-12-21,2025-12-28
555,3,155,489,11,276,690,2025-12-06,2025-12-21
556,3,156,780,151,349,582,2025-12-11,2025-12-30
557,3,157,231,65,182,210,2025-12-25,2025-12-26
558,3,158,52,12,41,54,2025-12-04,2025-12-29
559,3,159,221,40,110,144,2025-12-04,2025-12-18
560,3,160,1601,471,782,978,2025-12-19,2025-12-19
561,3,161,151,42,78,156,2025-12-16,2025-12-28
562,3,162,42,8,80,120,2025-12-29,2025-12-19
563,3,163,320,26,110,132,2025-12-07,2025-12-17
564,3,164,93,24,117,168,2025-12-27,2025-12-27
565,3,165,393,97,133,174,2025-12-28,2025-12-18
566,3,166,681,124,375,450,2025-12-01,2025-12-19
567,3,167,887,75,347,372,2025-12-06,2025-12-24
568,3,168,1197,138,529,882,2025-12-20,2025-12-26
569,3,169,118,26,45,114,2025-12-09,2025-12-26
570,3,170,70,15,33,168,2025-12-28,2025-12-24
571,3,171,139,6,106,245,2025-12-30,2025-12-20
572,3,172,171,15,120,240,2025-12-20,2025-12-19
573,3,173,30,0,19,66,2025-12-15,2025-12-31
574,3,174,158,14,115,204,2025-12-08,2025-12-29
575,3,175,1280,108,502,558,2025-12-26,2025-12-31
576,3,176,146,8,105,150,2025-12-09,2025-12-26
577,3,177,53,11,105,132,2025-12-01,2025-12-24
578,3,178,656,88,281,528,2025-12-29,2025-12-26
579,3,179,148,10,52,156,2025-12-03,2025-12-17
580,3,180,113,24,75,108,2025-12-27,2025-12-28
581,3,181,501,111,189,378,2025-12-06,2025-12-24
582,3,182,301,62,156,336,2025-12-29,2025-12-18
583,3,183,323,74,122,245,2025-12-20,2025-12-20
584,3,184,288,56,141,282,2025-12-25,2025-12-31
585,3,185,35,8,20,48,2025-12-06,2025-12-20
586,3,186,691,45,267,1146,2025-12-25,2025-12-28
587,3,187,76,2,27,102,2025-12-29,2025-12-31
588,3,188,255,26,184,396,2025-12-15,2025-12-20
589,3,189,378,29,201,432,2025-12-05,2025-12-22
590,3,190,151,21,73,138,2025-12-27,2025-12-27
591,3,191,255,6,124,162,2025-12-26,2025-12-30
592,3,192,283,0,126,180,2025-12-20,2025-12-20
593,3,193,105,30,102,180,2025-12-02,2025-12-27
594,3,194,440,41,150,180,2025-12-02,2025-12-24
595,3,195,157,42,193,342,2025-12-09,2025-12-19
596,3,196,206,45,138,198,2025-12-05,2025-12-31
597,3,197,158,24,119,156,2025-12-26,2025-12-26
598,3,198,70,19,119,156,2025-12-15,2025-12-24
599,3,199,473,34,252,420,2025-12-06,2025-12-23
600,3,200,74,8,82,138,2025-12-24,2025-12-26
601,4,1,74,9,32,54,2025-12-25,2025-12-27
602,4,2,55,7,32,162,2025-12-17,2025-12-25
603,4,3,946,3,620,846,2025-12-21,2025-12-22
604,4,4,7,0,13,36,2025-12-07,2025-12-25
605,4,5,68,15,96,222,2025-12-09,2025-12-30
606,4,6,101,1,75,174,2025-12-06,2025-12-26
607,4,7,206,5,120,150,2025-12-02,2025-12-20
608,4,8,354,41,156,312,2025-12-29,2025-12-24
609,4,9,21,3,15,30,2025-12-02,2025-12-17
610,4,10,134,22,50,126,2025-12-24,2025-12-27
611,4,11,26,4,11,48,2025-12-07,2025-12-28
612,4,12,110,29,45,54,2025-12-18,2025-12-21
613,4,13,131,3,77,258,2025-12-21,2025-12-31
614,4,14,519,77,286,390,2025-12-14,2025-12-24
615,4,15,65,8,36,138,2025-12-05,2025-12-26
616,4,16,40,5,20,48,2025-12-20,2025-12-19
617,4,17,166,36,173,474,2025-12-26,2025-12-19
618,4,18,746,40,285,450,2025-12-11,2025-12-26
619,4,19,77,1,128,384,2025-12-07,2025-12-27
620,4,20,482,99,232,582,2025-12-23,2025-12-19
621,4,21,183,5,148,318,2025-12-12,2025-12-20
622,4,22,98,18,52,144,2025-12-22,2025-12-28
623,4,23,72,7,42,60,2025-12-19,2025-12-26
624,4,24,508,23,214,402,2025-12-08,2025-12-20
625,4,25,32,8,18,36,2025-12-10,2025-12-30
626,4,26,447,24,334,528,2025-12-14,2025-12-19
627,4,27,46,2,52,156,2025-12-27,2025-12-31
628,4,28,223,1,378,810,2025-12-19,2025-12-23
629,4,29,1106,281,389,834,2025-12-19,2025-12-20
630,4,30,111,18,61,132,2025-12-20,2025-12-22
631,4,31,134,39,52,144,2025-12-19,2025-12-31
632,4,32,239,4,223,372,2025-12-19,2025-12-25
633,4,33,253,15,88,156,2025-12-20,2025-12-28
634,4,34,583,29,305,366,2025-12-30,2025-12-24
635,4,35,710,3,330,660,2025-12-26,2025-12-18
636,4,36,20,0,27,162,2025-12-13,2025-12-23
637,4,37,810,199,421,486,2025-12-16,2025-12-24
638,4,38,92,2,34,60,2025-12-07,2025-12-22
639,4,39,129,33,66,90,2025-12-01,2025-12-22
640,4,40,50,6,41,138,2025-12-27,2025-12-19
641,4,41,55,12,54,108,2025-12-23,2025-12-17
642,4,42,353,33,198,270,2025-12-28,2025-12-31
643,4,43,174,20,64,114,2025-12-03,2025-12-18
644,4,44,116,31,67,168,2025-12-29,2025-12-17
645,4,45,75,9,68,120,2025-12-03,2025-12-26
646,4,46,29,2,11,30,2025-12-01,2025-12-28
647,4,47,121,6,41,156,2025-12-25,2025-12-20
648,4,48,727,106,840,1050,2025-12-03,2025-12-24
649,4,49,122,19,92,174,2025-12-24,2025-12-24
650,4,50,114,7,54,90,2025-12-24,2025-12-28
651,4,51,78,22,55,72,2025-12-06,2025-12-29
652,4,52,124,12,170,300,2025-12-22,2025-12-20
653,4,53,289,53,123,168,2025-12-25,2025-12-29
654,4,54,76,18,30,84,2025-12-10,2025-12-20
655,4,55,47,9,16,48,2025-12-16,2025-12-27
656,4,56,225,58,96,360,2025-12-17,2025-12-21
657,4,57,66,4,38,114,2025-12-19,2025-12-17
658,4,58,88,8,44,60,2025-12-15,2025-12-29
659,4,59,1115,333,538,702,2025-12-13,2025-12-22
660,4,60,1533,304,741,1170,2025-12-30,2025-12-24
661,4,61,273,7,129,144,2025-12-15,2025-12-18
662,4,62,251,51,84,126,2025-12-26,2025-12-18
663,4,63,110,5,118,162,2025-12-03,2025-12-19
664,4,64,46,3,63,126,2025-12-14,2025-12-31
665,4,65,288,7,268,474,2025-12-26,2025-12-17
666,4,66,474,3,284,474,2025-12-10,2025-12-30
667,4,67,194,0,102,192,2025-12-10,2025-12-31
668,4,68,563,122,285,342,2025-12-14,2025-12-28
669,4,69,92,10,51,192,2025-12-12,2025-12-21
670,4,70,345,24,125,150,2025-12-26,2025-12-31
671,4,71,359,23,391,534,2025-12-14,2025-12-23
672,4,72,93,1,87,174,2025-12-15,2025-12-27
673,4,73,374,72,216,342,2025-12-25,2025-12-30
674,4,74,621,159,441,882,2025-12-25,2025-12-25
675,4,75,62,2,46,60,2025-12-11,2025-12-23
676,4,76,56,1,34,102,2025-12-07,2025-12-20
677,4,77,145,31,104,174,2025-12-21,2025-12-24
678,4,78,33,3,35,96,2025-12-09,2025-12-26
679,4,79,53,0,32,120,2025-12-03,2025-12-24
680,4,80,805,32,397,702,2025-12-19,2025-12-17
681,4,81,452,50,384,480,2025-12-23,2025-12-24
682,4,82,64,18,84,120,2025-12-27,2025-12-31
683,4,83,162,46,67,144,2025-12-23,2025-12-20
684,4,84,48,13,95,150,2025-12-10,2025-12-31
685,4,85,21,3,43,54,2025-12-20,2025-12-20
686,4,86,78,19,33,168,2025-12-08,2025-12-21
687,4,87,619,67,328,491,2025-12-26,2025-12-22
688,4,88,296,79,119,156,2025-12-12,2025-12-19
689,4,89,83,21,32,54,2025-12-12,2025-12-28
690,4,90,1690,372,840,1146,2025-12-15,2025-12-28
691,4,91,53,11,23,54,2025-12-09,2025-12-19
692,4,92,224,0,83,156,2025-12-17,2025-12-23
693,4,93,224,33,325,444,2025-12-08,2025-12-20
694,4,94,82,18,91,162,2025-12-07,2025-12-25
695,4,95,531,69,182,342,2025-12-07,2025-12-28
696,4,96,177,24,121,174,2025-12-01,2025-12-23
697,4,97,766,67,264,378,2025-12-14,2025-12-26
698,4,98,100,27,43,48,2025-12-24,2025-12-21
699,4,99,602,56,206,282,2025-12-28,2025-12-30
700,4,100,188,45,108,180,2025-12-09,2025-12-19
701,4,101,95,27,98,245,2025-12-04,2025-12-25
702,4,102,20,1,25,54,2025-12-28,2025-12-26
703,4,103,42,4,60,114,2025-12-16,2025-12-29
704,4,104,41,8,19,42,2025-12-17,2025-12-29
705,4,105,93,14,106,168,2025-12-06,2025-12-22
706,4,106,261,12,118,162,2025-12-26,2025-12-18
707,4,107,245,18,87,174,2025-12-27,2025-12-31
708,4,108,483,78,171,468,2025-12-24,2025-12-25
709,4,109,144,8,58,84,2025-12-27,2025-12-25
710,4,110,399,3,417,1044,2025-12-13,2025-12-27
711,4,111,83,20,72,144,2025-12-13,2025-12-27
712,4,112,183,53,126,180,2025-12-06,2025-12-30
713,4,113,35,1,46,126,2025-12-25,2025-12-20
714,4,114,19,2,35,48,2025-12-13,2025-12-25
715,4,115,116,8,40,102,2025-12-12,2025-12-23
716,4,116,470,136,238,1020,2025-12-11,2025-12-23
717,4,117,1120,82,482,762,2025-12-02,2025-12-29
718,4,118,349,9,140,162,2025-12-13,2025-12-19
719,4,119,1350,45,680,1074,2025-12-27,2025-12-25
720,4,120,364,18,124,156,2025-12-04,2025-12-21
721,4,121,15,3,11,42,2025-12-09,2025-12-26
722,4,122,233,16,108,192,2025-12-03,2025-12-23
723,4,123,14,0,26,60,2025-12-07,2025-12-27
724,4,124,363,19,260,372,2025-12-20,2025-12-19
725,4,125,306,29,160,480,2025-12-27,2025-12-19
726,4,126,646,118,600,858,2025-12-23,2025-12-17
727,4,127,254,19,120,150,2025-12-10,2025-12-24
728,4,128,70,15,43,144,2025-12-06,2025-12-31
729,4,129,37,10,45,90,2025-12-14,2025-12-25
730,4,130,119,4,55,72,2025-12-24,2025-12-21
731,4,131,237,36,84,126,2025-12-24,2025-12-30
732,4,132,449,4,229,1146,2025-12-06,2025-12-25
733,4,133,50,0,100,126,2025-12-08,2025-12-31
734,4,134,250,27,87,138,2025-12-25,2025-12-30
735,4,135,122,26,65,78,2025-12-10,2025-12-31
736,4,136,53,15,64,84,2025-12-02,2025-12-17
737,4,137,35,6,51,102,2025-12-21,2025-12-22
738,4,138,956,119,879,942,2025-12-28,2025-12-25
739,4,139,131,19,63,126,2025-12-05,2025-12-25
740,4,140,181,17,98,156,2025-12-12,2025-12-30
741,4,141,43,12,79,264,2025-12-27,2025-12-30
742,4,142,155,9,75,126,2025-12-14,2025-12-23
743,4,143,100,22,114,180,2025-12-23,2025-12-29
744,4,144,93,18,73,245,2025-12-25,2025-12-24
745,4,145,25,5,28,60,2025-12-18,2025-12-19
746,4,146,1298,289,440,528,2025-12-07,2025-12-24
747,4,147,70,6,81,102,2025-12-02,2025-12-19
748,4,148,68,17,61,84,2025-12-03,2025-12-31
749,4,149,233,58,411,882,2025-12-30,2025-12-17
750,4,150,64,3,30,66,2025-12-02,2025-12-28
751,4,151,705,125,278,642,2025-12-25,2025-12-17
752,4,152,86,19,76,120,2025-12-19,2025-12-30
753,4,153,20,0,10,36,2025-12-01,2025-12-31
754,4,154,620,44,323,462,2025-12-26,2025-12-20
755,4,155,236,68,276,690,2025-12-22,2025-12-29
756,4,156,570,164,349,582,2025-12-25,2025-12-20
757,4,157,318,92,182,210,2025-12-03,2025-12-20
758,4,158,122,33,41,54,2025-12-27,2025-12-29
759,4,159,75,2,110,144,2025-12-04,2025-12-17
760,4,160,1045,194,782,978,2025-12-06,2025-12-20
761,4,161,216,8,78,156,2025-12-10,2025-12-29
762,4,162,87,2,80,120,2025-12-06,2025-12-30
763,4,163,163,15,110,132,2025-12-09,2025-12-27
764,4,164,111,3,117,168,2025-12-22,2025-12-18
765,4,165,333,72,133,174,2025-12-01,2025-12-30
766,4,166,226,60,375,450,2025-12-22,2025-12-28
767,4,167,234,66,347,372,2025-12-26,2025-12-25
768,4,168,656,137,529,882,2025-12-05,2025-12-31
769,4,169,132,10,45,114,2025-12-29,2025-12-29
770,4,170,31,8,33,168,2025-12-19,2025-12-29
771,4,171,208,31,106,245,2025-12-05,2025-12-18
772,4,172,215,53,120,240,2025-12-22,2025-12-30
773,4,173,55,3,19,66,2025-12-09,2025-12-20
774,4,174,217,64,115,204,2025-12-10,2025-12-18
775,4,175,295,0,502,558,2025-12-12,2025-12-30
776,4,176,143,34,105,150,2025-12-13,2025-12-31
777,4,177,134,16,105,132,2025-12-29,2025-12-18
778,4,178,752,43,281,528,2025-12-19,2025-12-30
779,4,179,112,28,52,156,2025-12-03,2025-12-22
780,4,180,57,7,75,108,2025-12-28,2025-12-20
781,4,181,125,19,189,378,2025-12-04,2025-12-20
782,4,182,316,41,156,336,2025-12-10,2025-12-21
783,4,183,270,39,122,245,2025-12-29,2025-12-22
784,4,184,145,42,141,282,2025-12-27,2025-12-31
785,4,185,49,7,20,48,2025-12-17,2025-12-25
786,4,186,227,0,267,1146,2025-12-21,2025-12-27
787,4,187,24,3,27,102,2025-12-17,2025-12-30
788,4,188,208,26,184,396,2025-12-06,2025-12-22
789,4,189,591,120,201,432,2025-12-02,2025-12-26
790,4,190,176,19,73,138,2025-12-06,2025-12-17
791,4,191,269,61,124,162,2025-12-09,2025-12-23
792,4,192,312,15,126,180,2025-12-26,2025-12-24
793,4,193,109,6,102,180,2025-12-30,2025-12-25
794,4,194,326,45,150,180,2025-12-11,2025-12-25
795,4,195,299,54,193,342,2025-12-22,2025-12-26
796,4,196,186,49,138,198,2025-12-20,2025-12-31
797,4,197,137,32,119,156,2025-12-06,2025-12-26
798,4,198,296,3,119,156,2025-12-16,2025-12-22
799,4,199,249,3,252,420,2025-12-11,2025-12-27
800,4,200,141,9,82,138,2025-12-08,2025-12-29
801,5,1,79,20,32,54,2025-12-08,2025-12-28
802,5,2,49,12,32,162,2025-12-06,2025-12-20
803,5,3,523,148,620,846,2025-12-21,2025-12-27
804,5,4,30,2,13,36,2025-12-06,2025-12-27
805,5,5,118,5,96,222,2025-12-09,2025-12-28
806,5,6,74,14,75,174,2025-12-26,2025-12-20
807,5,7,281,23,120,150,2025-12-03,2025-12-19
808,5,8,120,16,156,312,2025-12-12,2025-12-18
809,5,9,8,0,15,30,2025-12-19,2025-12-18
810,5,10,120,27,50,126,2025-12-29,2025-12-29
811,5,11,32,4,11,48,2025-12-23,2025-12-25
812,5,12,54,9,45,54,2025-12-07,2025-12-27
813,5,13,214,37,77,258,2025-12-03,2025-12-28
814,5,14,328,11,286,390,2025-12-08,2025-12-24
815,5,15,93,10,36,138,2025-12-26,2025-12-19
816,5,16,24,5,20,48,2025-12-28,2025-12-19
817,5,17,283,0,173,474,2025-12-17,2025-12-20
818,5,18,557,20,285,450,2025-12-18,2025-12-25
819,5,19,378,28,128,384,2025-12-04,2025-12-28
820,5,20,276,1,232,582,2025-12-12,2025-12-19
821,5,21,214,55,148,318,2025-12-15,2025-12-20
822,5,22,63,10,52,144,2025-12-25,2025-12-29
823,5,23,92,12,42,60,2025-12-04,2025-12-17
824,5,24,286,39,214,402,2025-12-21,2025-12-17
825,5,25,29,6,18,36,2025-12-24,2025-12-20
826,5,26,1000,250,334,528,2025-12-26,2025-12-25
827,5,27,39,10,52,156,2025-12-02,2025-12-30
828,5,28,316,35,378,810,2025-12-27,2025-12-29
829,5,29,799,167,389,834,2025-12-03,2025-12-21
830,5,30,61,14,61,132,2025-12-14,2025-12-26
831,5,31,33,7,52,144,2025-12-14,2025-12-22
832,5,32,215,37,223,372,2025-12-01,2025-12-23
833,5,33,262,7,88,156,2025-12-26,2025-12-29
834,5,34,418,63,305,366,2025-12-12,2025-12-18
835,5,35,661,76,330,660,2025-12-29,2025-12-24
836,5,36,15,2,27,162,2025-12-13,2025-12-24
837,5,37,474,44,421,486,2025-12-19,2025-12-19
838,5,38,73,7,34,60,2025-12-05,2025-12-31
839,5,39,116,32,66,90,2025-12-03,2025-12-21
840,5,40,53,8,41,138,2025-12-16,2025-12-25
841,5,41,133,34,54,108,2025-12-03,2025-12-24
842,5,42,114,11,198,270,2025-12-29,2025-12-26
843,5,43,151,23,64,114,2025-12-20,2025-12-17
844,5,44,139,28,67,168,2025-12-25,2025-12-19
845,5,45,71,15,68,120,2025-12-17,2025-12-24
846,5,46,31,3,11,30,2025-12-14,2025-12-19
847,5,47,79,19,41,156,2025-12-03,2025-12-18
848,5,48,2411,656,840,1050,2025-12-11,2025-12-25
849,5,49,268,28,92,174,2025-12-13,2025-12-30
850,5,50,94,16,54,90,2025-12-10,2025-12-17
851,5,51,153,14,55,72,2025-12-02,2025-12-28
852,5,52,337,31,170,300,2025-12-20,2025-12-20
853,5,53,216,55,123,168,2025-12-07,2025-12-30
854,5,54,78,22,30,84,2025-12-16,2025-12-19
855,5,55,37,2,16,48,2025-12-12,2025-12-26
856,5,56,271,59,96,360,2025-12-27,2025-12-23
857,5,57,88,14,38,114,2025-12-21,2025-12-19
858,5,58,63,18,44,60,2025-12-08,2025-12-17
859,5,59,764,141,538,702,2025-12-04,2025-12-17
860,5,60,994,158,741,1170,2025-12-28,2025-12-30
861,5,61,237,25,129,144,2025-12-16,2025-12-26
862,5,62,140,11,84,126,2025-12-27,2025-12-23
863,5,63,203,27,118,162,2025-12-08,2025-12-18
864,5,64,150,28,63,126,2025-12-25,2025-12-31
865,5,65,298,41,268,474,2025-12-22,2025-12-18
866,5,66,455,44,284,474,2025-12-12,2025-12-26
867,5,67,86,8,102,192,2025-12-05,2025-12-19
868,5,68,823,151,285,342,2025-12-23,2025-12-17
869,5,69,39,1,51,192,2025-12-26,2025-12-17
870,5,70,121,2,125,150,2025-12-08,2025-12-17
871,5,71,239,50,391,534,2025-12-15,2025-12-25
872,5,72,222,10,87,174,2025-12-10,2025-12-28
873,5,73,289,78,216,342,2025-12-18,2025-12-28
874,5,74,1320,141,441,882,2025-12-17,2025-12-19
875,5,75,82,7,46,60,2025-12-11,2025-12-23
876,5,76,18,3,34,102,2025-12-11,2025-12-18
877,5,77,70,0,104,174,2025-12-23,2025-12-27
878,5,78,46,10,35,96,2025-12-27,2025-12-19
879,5,79,86,24,32,120,2025-12-15,2025-12-19
880,5,80,1006,291,397,702,2025-12-14,2025-12-19
881,5,81,843,65,384,480,2025-12-14,2025-12-17
882,5,82,146,40,84,120,2025-12-20,2025-12-31
883,5,83,70,6,67,144,2025-12-05,2025-12-19
884,5,84,73,16,95,150,2025-12-24,2025-12-27
885,5,85,87,19,43,54,2025-12-13,2025-12-19
886,5,86,74,7,33,168,2025-12-01,2025-12-23
887,5,87,593,34,328,491,2025-12-19,2025-12-26
888,5,88,69,0,119,156,2025-12-12,2025-12-28
889,5,89,82,0,32,54,2025-12-08,2025-12-19
890,5,90,1733,32,840,1146,2025-12-19,2025-12-24
891,5,91,35,4,23,54,2025-12-07,2025-12-27
892,5,92,114,10,83,156,2025-12-30,2025-12-31
893,5,93,725,75,325,444,2025-12-10,2025-12-22
894,5,94,260,39,91,162,2025-12-17,2025-12-22
895,5,95,252,17,182,342,2025-12-24,2025-12-31
896,5,96,287,54,121,174,2025-12-14,2025-12-22
897,5,97,239,12,264,378,2025-12-03,2025-12-24
898,5,98,122,29,43,48,2025-12-09,2025-12-17
899,5,99,548,33,206,282,2025-12-19,2025-12-25
900,5,100,192,45,108,180,2025-12-13,2025-12-22
901,5,101,136,25,98,245,2025-12-11,2025-12-23
902,5,102,66,1,25,54,2025-12-14,2025-12-24
903,5,103,146,42,60,114,2025-12-21,2025-12-24
904,5,104,29,1,19,42,2025-12-22,2025-12-28
905,5,105,196,15,106,168,2025-12-22,2025-12-23
906,5,106,211,18,118,162,2025-12-06,2025-12-26
907,5,107,179,10,87,174,2025-12-30,2025-12-22
908,5,108,362,0,171,468,2025-12-29,2025-12-17
909,5,109,88,17,58,84,2025-12-23,2025-12-22
910,5,110,482,85,417,1044,2025-12-29,2025-12-27
911,5,111,117,8,72,144,2025-12-10,2025-12-22
912,5,112,79,10,126,180,2025-12-17,2025-12-20
913,5,113,50,10,46,126,2025-12-12,2025-12-31
914,5,114,40,2,35,48,2025-12-18,2025-12-27
915,5,115,106,9,40,102,2025-12-14,2025-12-24
916,5,116,167,34,238,1020,2025-12-13,2025-12-28
917,5,117,472,118,482,762,2025-12-16,2025-12-25
918,5,118,394,34,140,162,2025-12-20,2025-12-26
919,5,119,607,122,680,1074,2025-12-17,2025-12-24
920,5,120,89,25,124,156,2025-12-03,2025-12-30
921,5,121,17,1,11,42,2025-12-15,2025-12-28
922,5,122,73,10,108,192,2025-12-14,2025-12-24
923,5,123,58,3,26,60,2025-12-06,2025-12-18
924,5,124,137,21,260,372,2025-12-09,2025-12-29
925,5,125,315,32,160,480,2025-12-02,2025-12-18
926,5,126,1721,84,600,858,2025-12-03,2025-12-27
927,5,127,231,54,120,150,2025-12-21,2025-12-30
928,5,128,124,9,43,144,2025-12-08,2025-12-19
929,5,129,89,12,45,90,2025-12-04,2025-12-19
930,5,130,59,2,55,72,2025-12-14,2025-12-30
931,5,131,142,19,84,126,2025-12-23,2025-12-29
932,5,132,319,26,229,1146,2025-12-08,2025-12-17
933,5,133,183,25,100,126,2025-12-10,2025-12-19
934,5,134,157,35,87,138,2025-12-13,2025-12-21
935,5,135,119,22,65,78,2025-12-11,2025-12-25
936,5,136,131,1,64,84,2025-12-03,2025-12-29
937,5,137,84,13,51,102,2025-12-16,2025-12-31
938,5,138,1985,81,879,942,2025-12-01,2025-12-18
939,5,139,60,3,63,126,2025-12-01,2025-12-24
940,5,140,126,14,98,156,2025-12-11,2025-12-31
941,5,141,128,25,79,264,2025-12-20,2025-12-17
942,5,142,61,10,75,126,2025-12-27,2025-12-18
943,5,143,241,2,114,180,2025-12-08,2025-12-18
944,5,144,186,33,73,245,2025-12-14,2025-12-20
945,5,145,62,15,28,60,2025-12-06,2025-12-27
946,5,146,1063,136,440,528,2025-12-10,2025-12-20
947,5,147,181,16,81,102,2025-12-08,2025-12-30
948,5,148,167,43,61,84,2025-12-07,2025-12-17
949,5,149,849,107,411,882,2025-12-17,2025-12-29
950,5,150,20,1,30,66,2025-12-12,2025-12-28
951,5,151,407,55,278,642,2025-12-06,2025-12-21
952,5,152,92,15,76,120,2025-12-24,2025-12-21
953,5,153,11,1,10,36,2025-12-21,2025-12-23
954,5,154,418,45,323,462,2025-12-07,2025-12-17
955,5,155,260,41,276,690,2025-12-14,2025-12-23
956,5,156,1027,295,349,582,2025-12-06,2025-12-26
957,5,157,252,48,182,210,2025-12-25,2025-12-23
958,5,158,72,7,41,54,2025-12-22,2025-12-30
959,5,159,55,10,110,144,2025-12-18,2025-12-23
960,5,160,664,27,782,978,2025-12-14,2025-12-27
961,5,161,233,9,78,156,2025-12-16,2025-12-24
962,5,162,142,2,80,120,2025-12-06,2025-12-24
963,5,163,297,78,110,132,2025-12-20,2025-12-25
964,5,164,220,52,117,168,2025-12-21,2025-12-19
965,5,165,272,77,133,174,2025-12-03,2025-12-27
966,5,166,600,10,375,450,2025-12-15,2025-12-22
967,5,167,838,40,347,372,2025-12-27,2025-12-23
968,5,168,838,80,529,882,2025-12-14,2025-12-31
969,5,169,30,6,45,114,2025-12-25,2025-12-31
970,5,170,53,2,33,168,2025-12-10,2025-12-29
971,5,171,65,6,106,245,2025-12-30,2025-12-26
972,5,172,266,11,120,240,2025-12-29,2025-12-31
973,5,173,40,7,19,66,2025-12-06,2025-12-29
974,5,174,84,23,115,204,2025-12-24,2025-12-23
975,5,175,932,127,502,558,2025-12-28,2025-12-17
976,5,176,256,45,105,150,2025-12-06,2025-12-31
977,5,177,172,9,105,132,2025-12-23,2025-12-29
978,5,178,593,157,281,528,2025-12-14,2025-12-19
979,5,179,128,1,52,156,2025-12-17,2025-12-21
980,5,180,129,23,75,108,2025-12-05,2025-12-21
981,5,181,473,8,189,378,2025-12-16,2025-12-18
982,5,182,201,26,156,336,2025-12-25,2025-12-19
983,5,183,81,20,122,245,2025-12-10,2025-12-29
984,5,184,193,47,141,282,2025-12-18,2025-12-31
985,5,185,17,0,20,48,2025-12-15,2025-12-29
986,5,186,412,24,267,1146,2025-12-18,2025-12-31
987,5,187,54,12,27,102,2025-12-15,2025-12-27
988,5,188,302,47,184,396,2025-12-26,2025-12-26
989,5,189,132,15,201,432,2025-12-25,2025-12-20
990,5,190,201,52,73,138,2025-12-12,2025-12-30
991,5,191,168,18,124,162,2025-12-25,2025-12-22
992,5,192,246,38,126,180,2025-12-04,2025-12-26
993,5,193,273,69,102,180,2025-12-14,2025-12-20
994,5,194,101,28,150,180,2025-12-08,2025-12-18
995,5,195,218,46,193,342,2025-12-20,2025-12-28
996,5,196,244,47,138,198,2025-12-16,2025-12-28
997,5,197,164,15,119,156,2025-12-06,2025-12-29
998,5,198,325,62,119,156,2025-12-01,2025-12-21
999,5,199,283,10,252,420,2025-12-21,2025-12-19
1000,5,200,65,17,82,138,2025-12-27,2025-12-28
